model_type,mape,r2_score,rmse,rate of reaching the standard
ridge,0.24859117133455286,0.1607273089479353,1.3607381145891457,0.7789203084832905
