model_type,mape,r2_score,rmse,rate of reaching the standard
ridge,0.24620054756388254,0.13514494004253674,1.4147130129470906,0.7634961439588689
